Identifier,Phone Number
3655,
3656,(987) 654-0987
3674,
3675,
3699,
3700,
3703,
3710,(410) 486-4330
3711,(443) 394-6123
3712,(410) 547-8233
3713,(410) 539-6134
3714,
3715,(410) 281-1900
3716,(410) 242-2810
3717,
3718,(410) 625-1971
3719,(410) 244-1737
3720,(410) 563-6979
3721,(410) 385-3000
3722,(410) 383-6016
3723,
3724,(410) 233-5252
3725,
3726,(410) 298-7255
3727,(410) 785-6894
3728,(410) 578-8600
3729,(410) 332-9000
3730,(410) 575-7014
3731,(410) 628-0980
3732,(410) 358-6400
3733,(410) 290-5803
3734,(410) 659-5300
3735,
3736,(410) 662-8606
3737,(410) 244-1030
3738,(410) 799-5700
3739,(410) 863-1280
3740,(410) 732-4750
3741,(410) 297-6600
3742,
3743,
3744,
3745,(410) 576-0601
3746,(410) 737-7700
3747,(410) 633-1900
3748,(410) 252-4501
3749,(410) 969-1050
3750,(410) 415-6229
3751,(410) 527-1111
3752,
3753,(410) 254-4947
3754,(443) 552-5316
3755,(410) 244-1777
3756,(410) 298-7353
3757,(410) 859-7234
3758,(410) 358-5222
3759,(410) 355-7521
3760,(443) 573-8700
3761,(410) 284-5412
3762,(410) 962-1203
3763,
3764,(410) 663-5000
3765,
3766,
3767,(410) 882-9815
3768,(410) 527-8413
3769,(410) 276-7254
3770,(410) 859-8350
3771,(410) 646-5200
3772,(410) 737-7700
3773,(410) 850-9214
3774,(410) 230-0098
3775,
3776,(410) 525-1544
3777,(410) 337-1935
3778,(443) 506-5805
3779,(410) 371-5671
3781,(443) 324-9881
3782,(410) 444-5054
3783,(443) 394-0168
3784,(410) 719-0600
3785,(410) 358-6006
3786,(410) 761-6062
3787,(410) 785-7000
3788,(410) 558-0202
3789,(410) 296-0655
3790,(443) 394-0719
3792,(410) 332-1317
3793,(410) 486-5500
3794,(410) 358-7382
3795,(410) 238-7892
3796,(410) 661-8555
3797,(410) 667-8200
3798,(410) 238-7892
3799,(443) 840-4731
3800,(410) 712-4640
3801,(410) 494-4610
3802,(410) 561-2260
3803,(410) 931-4009
3804,(410) 882-0700
3805,(301) 563-6404
3806,
3807,(410) 534-6519
3808,(410) 282-0100
3809,
3810,
3811,(410) 247-2193
3812,(410) 462-6054
3813,(410) 366-3500
3814,
3815,
3816,
3817,(410) 284-3577
3818,(410) 327-3240
3819,(410) 962-1220
3820,(410) 687-4858
3821,
3822,(410) 579-8725
3823,(410) 828-6500
3824,(410) 244-1015
3825,
3826,(410) 889-0200
3827,(410) 342-6644
3828,(410) 719-0575
3829,(410) 933-9632
3830,(410) 766-4505
3831,(410) 255-2599
3832,(410) 869-1406
3833,(410) 415-6229
3834,
3835,(410) 356-9297
3836,(410) 362-7216
3837,(410) 931-4009
3838,(410) 243-7403
3839,(410) 444-5745
3840,(410) 558-0636
3841,(410) 558-0636
3842,(410) 785-1053
3843,(410) 686-2683
3844,(410) 768-8113
3845,(410) 312-0650
3846,(410) 342-6100
3847,(410) 666-1400
3848,(410) 486-4611
3849,(410) 889-9444
3850,(410) 342-8012
3851,(410) 276-2377
3852,(410) 828-7900
3853,(410) 402-1200
3854,(410) 605-0090
3855,(410) 583-7711
3856,(410) 296-2272
3857,(410) 448-2019
3858,(410) 388-1890
3859,(410) 780-9970
3860,(410) 335-5669
3861,(410) 362-9242
3862,(410) 244-8466
3863,(410) 566-4460
3864,(410) 764-6687
3865,(410) 486-4330
3866,
3867,(410) 281-2000
3868,(410) 694-0808
3869,
3870,(410) 413-4000
3871,(410) 238-2636
3872,
3873,
3874,(443) 612-8390
3875,(410) 769-8600
3876,
3877,(443) 612-8390
3878,(301) 247-0351
3879,(410) 833-3801
3880,(443) 876-6965
3881,(443) 612-8390
3882,(410) 486-4330
3883,
3884,(410) 383-0567
3885,(410) 265-6395
3886,(410) 356-1037
3887,(410) 563-0323
3888,
3889,
3890,(410) 584-9700
3891,
3892,
3893,
3894,(410) 516-5593
3895,(410) 558-3050
3896,(410) 713-7057
3897,(410) 567-8000
3898,(877) 528-7760
3899,
3900,(410) 282-5900
3901,
3902,(410) 553-0606
3903,(410) 882-1900
3904,(410) 308-0954
3905,(410) 366-7391
3906,
3907,
3908,(410) 494-7106
3909,(410) 296-2272
3910,(410) 955-2990
3911,(410) 418-5780
3912,(410) 584-9700
3913,(301) 562-9201
3914,
3915,(410) 298-0421
3916,(410) 584-1400
3917,
3918,
3919,(410) 590-2804
3920,(410) 536-4956
3921,(410) 836-7177
3922,(410) 299-0472
3923,(410) 850-0747
3924,
3925,(800) 636-0501
3926,
3927,
3928,
3929,
3930,(410) 780-9200
3931,(301) 585-3105
3932,
3933,
3934,(443) 394-0620
3935,
3936,(410) 863-0000
3937,
3938,(301) 585-3105
3939,(703) 785-5016
3940,(410) 356-6516
3941,(410) 553-9075
3942,(410) 584-9700
3943,
3944,
3945,
3946,
3947,
3948,
3949,
3950,(443) 503-5425
3951,
3952,
3953,
3954,(410) 685-2445
3955,(443) 410-3008
3956,(410) 273-0103
3957,
3958,(410) 799-7000
3959,
3960,(410) 889-0200
3961,
3962,(410) 323-5228
3963,(410) 947-3052
3964,
3965,(410) 233-3271
3966,(410) 337-9791
3967,
3968,
3969,
3970,
3971,(410) 366-3481
3972,(410) 537-5176
3973,
3974,(410) 337-2837
3975,(410) 539-3754
3976,(410) 324-8100
3977,
3978,
3979,
3980,(410) 940-5687
3981,
3982,
3983,(410) 358-6677
3984,(410) 566-0109
3985,
3986,
3987,(410) 238-1668
3988,
3989,
3990,
3991,
3992,
3993,(410) 530-5167
3994,
3995,
3996,(410) 525-1800
3997,
3998,(410) 426-0312
3999,
4000,
4001,
4002,
4003,
4004,
4005,
4006,
4007,
4008,
4009,
4010,(410) 233-9251
4011,
4012,
4013,
4014,
4015,
4016,(410) 567-8000
4017,
4018,
4019,(410) 391-1336
4020,(410) 528-9756
4021,
4022,
4023,(410) 308-9050
4024,
4025,
4026,(410) 821-9600
4027,
4028,(410) 252-1281
4029,
4030,
4031,
4032,(410) 631-7303
4033,(410) 633-5570
4034,(410) 644-3163
4035,
4036,
4037,
4038,
4039,
4040,(410) 789-9436
4041,
4042,
4043,(410) 760-9354
4044,(410) 358-4046
4045,
4046,(410) 358-3410
4047,
4048,
4049,
4050,
4051,
4052,
4053,(410) 467-8121
4054,
4055,
4056,(410) 999-6449
4057,
4058,(410) 325-7259
4059,
4060,(410) 522-0400
4061,
4062,
4063,
4064,(410) 685-1576
4065,
4066,(410) 312-2777
4067,(410) 320-3510
4068,
4069,
4070,
4071,
4072,
4073,(410) 204-5143
4074,
4075,
4076,
4077,(410) 704-5143
4078,
4079,
4080,
4081,(410) 517-0432
4082,
4083,
4084,(443) 809-7872
4085,
4086,(410) 354-4030
4087,
4088,
4089,
4090,
4091,(410) 668-0700
4092,
4093,
4094,(410) 247-2160
4095,
4096,
4097,
4098,
4099,
4100,
4101,
4102,
4103,
4104,
4105,
4106,
4107,(410) 602-2934
4108,
4109,
4110,
4111,(410) 247-6611
4112,
4113,(410) 668-1170
4114,
4115,(410) 676-8086
4116,
4117,(410) 882-9815
4118,
4119,
4120,(410) 391-9381
4121,
4122,
4123,
4124,
4125,
4126,
4127,
4128,
4129,
4130,(410) 947-5063
4131,
4132,
4133,
4134,
4135,(443) 576-3132
4136,
4137,
4138,
4139,
4140,(410) 729-9991
4141,(443) 352-4010
4142,(443) 352-4010
4143,
4144,
4145,
4146,(410) 779-9312
4147,
4148,(410) 612-6600
4149,
4150,(410) 388-1500
4151,
4152,(443) 919-6616
4153,(410) 282-0667
4154,(410) 719-8826
4155,
4156,
4157,(410) 737-0077
4158,
4159,(410) 234-0808
4160,
4161,(410) 796-1900
4162,(410) 644-3354
4163,(410) 796-0210
4164,(800) 869-2712
4165,
4166,(443) 567-0010
4167,
4168,(410) 558-2514
4169,(410) 788-9919
4170,(410) 574-7700
4171,
4172,(410) 254-3300
4173,(410) 327-3420
4174,
4175,(410) 383-0567
4176,(410) 686-0010
4177,(410) 997-1060
4178,(443) 802-6893
4179,(410) 244-6630
4180,(410) 998-9500
4181,(410) 666-5740
4182,(410) 290-8300
4183,
4184,
4185,(410) 537-5176
4186,
4187,(410) 612-1264
4188,(410) 288-4500
4189,
4190,(443) 524-6005
4191,(844) 777-7463
4192,(410) 740-2448
4193,(410) 337-5272
4194,(410) 484-8094
4195,
4196,
4197,(410) 354-3863
4198,(410) 764-5652
4199,(410) 962-7325
4200,(410) 254-3300
4201,(410) 423-6533
4202,(410) 962-0309
4203,
4204,(667) 309-3934
4205,
4206,
4207,(410) 244-8083
4208,
4209,(410) 859-8400
4210,
4211,
4212,
4213,(410) 483-3188
4214,(410) 532-5426
4215,
4216,
4217,(410) 528-1749
4218,(410) 922-3200
4219,
4220,(410) 837-1061
4221,
4222,(443) 285-0018
4223,
4224,(410) 527-1210
4225,(410) 288-7900
4226,
4227,(410) 962-1098
4228,
4229,(667) 701-5116
4230,(410) 288-7900
4231,(410) 276-6900
4232,(443) 438-7080
4233,
4234,(410) 312-7700
4235,(410) 541-0440
4236,(410) 771-7055
4237,(978) 658-8888
4238,
4239,(410) 859-8300
4240,(410) 836-7177
4241,(410) 254-3300
4242,(800) 281-4705
4243,
4244,(443) 219-3520
4245,
4246,(410) 444-5000
4247,
4248,(410) 788-3922
4249,(410) 574-4950
4250,(443) 471-8110
4251,(410) 431-7311
4252,
4253,
4254,(410) 273-3840
4255,
4256,
4257,
4258,
4259,(410) 684-8742
4260,
4261,
4262,
4263,
4264,(410) 254-4700
4265,(410) 630-3335
4266,
4267,(410) 350-0101
4268,
4269,
4270,(561) 345-1801
4271,
4272,
4273,
4274,
4275,
4276,
4277,
4278,
4279,(410) 709-4988
4280,
4281,
4282,
4283,(410) 327-2101
4284,
4285,
4286,
4287,
4288,
4289,
4290,(855) 591-7453
4291,
4292,(410) 844-8500
4293,
4294,(770) 384-4646
4295,(800) 463-3339
4296,(410) 328-6445
4297,
4298,
4299,
4300,(410) 962-0202
4301,
4302,
4303,
4304,
4305,(410) 783-7894
4306,
4307,
4308,
4309,(443) 885-3899
4310,
4311,
4312,
4313,
4314,
4315,
4329,(410) 601-9000
4330,(443) 255-3937
4332,
4333,(410) 547-7877
4334,
4335,
4336,(410) 789-1370
4337,(443) 627-2285
4338,(410) 684-6838
4339,(443) 393-8600
4340,(203) 438-9777
4341,(410) 354-1500
4342,(410) 439-2700
4343,(410) 601-9000
4344,(410) 601-9000
4345,
4347,(410) 601-9000
4348,
4349,(410) 859-7111
4350,(410) 233-1400
4351,(301) 596-7387
4352,(410) 631-5796
4353,(410) 730-0638
4354,(410) 247-9500
4355,(410) 999-8401
4356,(410) 547-2424
4357,
4358,
4359,(410) 313-8608
4360,(443) 326-5594
4361,(410) 299-3035
4362,
4363,(443) 327-7131
4364,(443) 775-7451
4365,
4366,
4367,
4368,(410) 917-2125
4369,
4371,
4372,(410) 497-0679
4373,
4374,
4375,(410) 337-1000
4376,
4377,
4378,
4379,
4380,(443) 271-6137
4381,(410) 645-1465
4382,(443) 961-2233
4384,(410) 235-8905
4385,
4386,
4387,
4388,
4389,
4390,
4391,(443) 836-5882
4392,(410) 872-8700
4393,(410) 233-5525
4394,
4395,
4396,
4397,(410) 771-1100
4398,
4399,
4400,
4401,
4402,
4403,
4404,
4405,
4406,(410) 531-5300
4408,
4412,
4413,(727) 519-5927
4414,(410) 290-1123
4415,(410) 462-1200
4416,(443) 342-2724
4417,
4418,
4419,
4420,(443) 682-8578
4421,
4422,(443) 569-5008
4423,(410) 946-1547
4424,(443) 627-2285
4425,(410) 246-0180
4426,(410) 922-2100
4427,(410) 981-1412
4428,(410) 636-3400
4429,(240) 294-5600
4430,(571) 361-2061
4431,(301) 273-9718
4432,(301) 770-6922
4433,
4434,
4435,(443) 484-2036
4436,
4437,(410) 246-4698
4438,(410) 734-5660
4439,
4440,(301) 439-4315
4441,(410) 625-6200
4442,(410) 576-0601
4443,(410) 244-8900
4444,
4445,(410) 244-8900
4446,
4447,
4448,
4449,(410) 342-2216
4450,
4451,
4452,(410) 505-0013
4453,(410) 489-3737
4454,(410) 668-1700
4455,(410) 287-8899
4456,(410) 287-8899
4457,
4458,(410) 788-1207
4459,
4460,(443) 929-1387
4461,
4462,
4463,(443) 573-8700
4464,
4465,
4466,
4467,(410) 350-0021
4468,(410) 337-2023
4469,(410) 337-2023
4470,(410) 301-5894
4471,(410) 837-1800
4472,(443) 456-6779
4473,(267) 738-7001
4474,(443) 341-6539
4476,
4477,(410) 522-0900
4478,(410) 964-1515
4479,(202) 315-5461
4480,(202) 315-5461
4481,(202) 315-5461
4482,(443) 775-7451
4483,(410) 918-1370
4484,(202) 637-7000
4485,
4487,
4489,(410) 338-1040
4490,
4491,
4492,
4493,(410) 987-2727
4494,
4495,(615) 850-5454
4496,(667) 273-1668
4497,(443) 240-7691
4499,
4500,
4501,
4502,(410) 624-3377
4503,
4504,
4505,
4506,
4507,(410) 686-0511
4508,
4509,
4510,(301) 654-4577
4511,(301) 486-1992
4512,(443) 367-9458
4513,
4514,
4515,
4516,(410) 327-1885
4517,
4518,(888) 937-9080
4519,
4520,
4521,
4522,
4523,
4524,
4525,(800) 446-0221
4526,(443) 386-3394
4527,(443) 386-3394
4528,(410) 825-3344
4529,(410) 243-2400
4530,
4531,
4532,
4533,
4534,(301) 543-6278
4535,(443) 552-1594
4536,(410) 220-0907
4537,
4538,
4539,
4540,(410) 493-3817
4541,(443) 503-5425
4542,(410) 381-4373
4543,(410) 788-7011
4545,(443) 849-2000
4546,(410) 576-6700
4548,(800) 971-6118
4549,
4550,(443) 858-4869
4551,(800) 485-9002
4552,(443) 255-6120
4553,
4554,
4555,
4556,
4557,
4558,(443) 741-8323
4559,
4560,
4561,
4562,
4563,
4564,
4565,
4566,
4567,
4568,
4569,
4570,
4571,
4572,(410) 521-2200
4573,
4574,
4576,
4577,
4578,
4579,
4580,
4581,(410) 258-0863
4582,
4583,(888) 742-5877
4584,(410) 684-7609
4585,(410) 347-4322
4586,(301) 604-8560
4587,(302) 299-4082
4588,
4589,(410) 230-7061
4590,
4591,
4592,
4593,
4595,(410) 799-8000
4600,
4601,(410) 396-5991
4603,(443) 451-4067
4604,(443) 471-6179
4605,
4606,(410) 391-8700
4607,
4609,(410) 282-5200
4610,
4611,
4612,
4613,
4614,
4615,
4616,
4617,
4618,
4619,
4620,
4621,
4622,
4623,
4624,
4625,(443) 652-4244
4626,
4627,
4628,(410) 355-1200
4629,(410) 381-7171
4630,(443) 983-8909
4631,(410) 675-0898
4632,
4633,
4634,
4635,
4636,
4637,
4638,
4639,(410) 292-0130
4640,(800) 327-5547
4641,
4642,
4643,
4644,
4645,
4646,
4647,
4648,
4649,
4650,
4651,(410) 571-4488
4652,
4653,(410) 980-0349
4654,
4655,(410) 230-8087
4656,
4657,
4658,(323) 800-5395
4659,
4660,(410) 814-0964
4661,
4662,(410) 379-2868
4663,
4664,
4665,
4666,(410) 528-1117
4667,(443) 449-7573
4668,(410) 869-4894
4669,
4670,
4671,(667) 217-1280
4672,(443) 418-4447
4673,(410) 625-0898
4674,(410) 685-2445
4675,(410) 837-8600
4676,(443) 455-9326
4677,
4678,
4679,
4680,
4681,(410) 323-5022
4682,
4683,(410) 477-5115
4684,
4685,
4686,(443) 472-9593
4687,(410) 385-1700
4688,(410) 823-0943
4689,(410) 350-0400
4690,(443) 251-2935
4691,
4692,(667) 214-0419
4693,
4694,
4695,
4696,
4697,
4698,
4699,
4700,
4701,
4702,
4703,
4704,(410) 354-8030
4705,
4706,
4707,(443) 648-0002
4708,(443) 866-0867
4709,
4710,
4711,
4712,
4713,(410) 706-4260
4714,
4715,
4716,
4717,(410) 672-4111
4718,(410) 287-8899
4719,
4720,(410) 870-1011
4721,
4722,
4723,(888) 282-6060
4724,(612) 304-6073
4725,
4726,(443) 692-6132
4727,(410) 800-8823
4728,
4729,
4730,
4731,
4732,
4733,
4734,
4735,
4736,
4737,
4738,
4739,
4740,
4741,
4742,(410) 865-7700
4743,
4744,
4745,
4746,
4747,
4748,
4749,
4750,
4751,
4752,
4753,
4754,(678) 742-4600
4755,(410) 226-8935
4756,
4757,
4758,
4759,
4760,
4761,(410) 574-4101
4762,
4763,
4764,
4765,
4766,
4767,
4768,
4769,
4770,(410) 379-5100
4771,(410) 664-8930
4772,
4773,(443) 332-2044
4774,
4775,
4776,
4777,(410) 694-5100
4778,
4779,
4780,
4782,
4783,
4784,(410) 500-4763
4785,
4786,
4787,
4788,
4789,
4790,
4791,
4792,
4793,
4794,
4795,
4796,
4797,
4798,
4799,
4800,
4801,(410) 656-3092
4802,
4803,
4804,
4805,(443) 835-1764
4806,
4807,
4808,
4809,
4810,
4811,
4812,(410) 484-9500
4813,(410) 649-3567
4814,(301) 200-7679
4815,(410) 415-9658
4816,
4817,
4818,
4819,
4820,
4821,
4822,
4823,
4824,
4825,
4826,(410) 663-8933
4827,
4828,
4829,
4830,
4831,
4832,
4833,
4834,
4835,
4836,
4837,
4838,(443) 681-1944
4839,(410) 225-7360
4840,
4841,
4842,
4843,(571) 289-3658
4844,
4845,
4846,
4847,
4848,
4849,
4850,
4851,
4852,
4853,
4854,
4855,
4856,
4857,
4858,
4859,(410) 539-8000
4860,
4861,
4862,
4863,
4864,
4865,
4866,
4867,
4868,(410) 799-1788
4869,(410) 553-4698
4870,(301) 604-3305
4871,
4872,
4873,
4874,
4875,
4876,(703) 793-0934
4877,
4878,
4879,
4880,
4881,
4882,
4883,(844) 622-5154
4884,
4885,
4886,
4887,
4888,
4889,
4890,
4891,
4892,
4893,
4894,
4895,
4896,
4897,
4898,
4899,
4900,
4901,
4902,
4903,
4904,
4905,
4906,(443) 347-3570
4907,(410) 282-3867
4908,
4909,
4910,
4911,(609) 951-9900
4912,(301) 883-5501
4913,(888) 800-1850
4914,
4915,
4916,(443) 583-3512
4917,(443) 678-9176
4918,
4919,(410) 814-1125
4920,(240) 354-5316
4921,(410) 381-1326
4922,(301) 677-8000
4923,(410) 263-3225
4924,(410) 721-5416
4925,
4926,
4927,
4928,(301) 883-5501
4929,
4930,(410) 233-1919
4931,
4932,
4933,
4934,
4935,
4936,
4937,
4938,
4939,
4940,(410) 633-0880
4941,
4942,
4943,
4944,
4945,(301) 390-7510
4947,
4948,
4949,
4950,
4951,
4952,
4953,
4954,
4955,(410) 633-1990
4956,(410) 850-4242
4957,
4958,
4959,
4960,
4961,
4962,(410) 887-3861
4963,(410) 685-6400
4964,(301) 614-9803
4965,
4966,
4967,(667) 303-3263
4968,
4969,
4970,
4971,
4972,
4973,
4974,
4975,
4976,
4977,(949) 204-1104
4978,(301) 399-4894
4979,(301) 854-1410
4980,
4981,
4982,(202) 800-8217
4983,
4984,(202) 772-5549
4985,
4986,
4987,(443) 741-8303
4988,
4989,
4990,(202) 399-3100
4991,(410) 696-9304
4992,(301) 776-4996
4993,(410) 988-5904
4994,(410) 720-0420
4995,
4996,
4997,
4998,
4999,
5000,
5001,
5002,
5003,
5004,
5005,
5006,
5007,
5008,(410) 272-6100
5009,
5010,
5011,
5012,
5013,
5014,
5015,
5016,
5017,
5018,
5019,
5020,(800) 506-3032
5021,(667) 274-3633
5022,
5023,
5024,(410) 242-3344
5025,
5026,
5027,(443) 858-4027
5028,
5029,
5030,(410) 969-5500
5031,
5032,
5033,
5034,(410) 872-4479
5035,
5036,
5037,(410) 587-7060
5038,
5039,(410) 633-6400
5040,
5041,
5042,
5043,(240) 552-9574
5044,(410) 725-4573
5045,
5046,
5047,
5048,
5049,
5050,
5051,
5052,
5053,
5054,
5055,
5056,
5057,
5058,
5059,
5060,
5061,
5062,
5063,
5064,
5065,
5066,
5067,
5068,
5069,(301) 828-5282
5070,(301) 937-4776
5071,(202) 666-8642
5072,
5073,
5074,(410) 284-2800
5075,
5076,
5077,
5078,
5079,
5080,
5081,
5082,
5083,
5084,
5085,
5086,
5087,
5088,
5089,
5090,
5091,
5092,
5093,
5094,
5095,
5096,
5097,
5098,
5099,(410) 202-8816
5100,
5101,
5102,
5103,
5104,
5105,(443) 573-2810
5106,
5107,
5108,
5109,
5110,
5111,
5112,(855) 280-3522
5113,(555) 555-5555
5114,
5115,
5116,
5117,
5118,
5119,
5120,
5121,
5122,
5123,
5124,
5125,(443) 388-8118
5126,
5127,
5128,
5129,
5130,
5131,(844) 624-4400
5132,
5133,(410) 762-4552
5134,
5135,
5136,
5137,
5138,(410) 719-8826
5139,
5140,
5141,
5142,
5143,
5144,
5145,
5146,
5147,
5148,
5149,
5150,
5151,
5152,
5153,
5154,
5155,
5156,
5157,
5158,
5159,
5161,
5162,
5163,
5164,
5165,
5166,
5167,
5168,
5169,
5170,
5171,
5172,
5173,
5174,
5175,
5176,
5177,
5178,
5179,
5180,
5181,
5182,
5183,
5184,(410) 922-9221
5185,
5186,(301) 362-3600
5187,
5188,
5189,
5190,
5191,
5192,
5193,
5194,
5195,(443) 614-5731
5196,
5197,
5198,
5199,
5200,
5201,
